"from","to"
"Anatolia (218)","Audax (362)"
"Andochius (222)","Felix (1137)"
"Andochius (222)","Thyrsus (3046)"
"Felix (1137)","Thyrsus (3046)"
"Inconnu (3812)","Non répertorié (3817)"
"Abdon (5)","Sennen (2793)"
"Abraham (7)","Iacob (1572)"
"Abraham (7)","Isaac (1701)"
"Iacob (1572)","Isaac (1701)"
"Abraham (8)","Maria (2039)"
"Abundantius (10)","Abundius (16)"
"Abundantius (10)","Iohannes (1617)"
"Abundantius (10)","Marcianus (2012)"
"Abundius (16)","Iohannes (1617)"
"Abundius (16)","Marcianus (2012)"
"Iohannes (1617)","Marcianus (2012)"
"Acindynus (28)","Pegasius (2413)"
"Acisclus (29)","Victoria (3173)"
"Adalarius (3334)","Eobanus (3335)"
"Adulfus (55)","Iohannes (1618)"
"Adventor (57)","Octavius (2298)"
"Adventor (57)","Solutor (2894)"
"Octavius (2298)","Solutor (2894)"
"Aemilianus (64)","Brachio (554)"
"Afra (66)","Digna (847)"
"Afra (66)","Eumenia (1047)"
"Afra (66)","Euprepia (1059)"
"Afra (66)","Hilaria (1508)"
"Digna (847)","Eumenia (1047)"
"Digna (847)","Euprepia (1059)"
"Digna (847)","Hilaria (1508)"
"Eumenia (1047)","Euprepia (1059)"
"Eumenia (1047)","Hilaria (1508)"
"Euprepia (1059)","Hilaria (1508)"
"Agape (68)","Chiona (667)"
"Agape (68)","Irene (1695)"
"Chiona (667)","Irene (1695)"
"Agapius (73)","Iacobus (1573)"
"Agapius (73)","Marianus (2054)"
"Agapius (73)","Secundinus (2782)"
"Iacobus (1573)","Marianus (2054)"
"Iacobus (1573)","Secundinus (2782)"
"Marianus (2054)","Secundinus (2782)"
"Achivus (27)","Ambrosius (181)"
"Achivus (27)","Hymnemodus (1570)"
"Achivus (27)","Tranquillus (3067)"
"Ambrosius (181)","Hymnemodus (1570)"
"Ambrosius (181)","Tranquillus (3067)"
"Hymnemodus (1570)","Tranquillus (3067)"
"Aglibertus (81)","Agoardus (88)"
"Albanus (104)","Amphibalus (199)"
"Alexander (134)","Eventius (1093)"
"Alexander (134)","Hermes (1500)"
"Alexander (134)","Quirinus (2600)"
"Alexander (134)","Theodulus (3014)"
"Eventius (1093)","Hermes (1500)"
"Eventius (1093)","Quirinus (2600)"
"Eventius (1093)","Theodulus (3014)"
"Hermes (1500)","Quirinus (2600)"
"Hermes (1500)","Theodulus (3014)"
"Quirinus (2600)","Theodulus (3014)"
"Alexander (132)","Amandus (166)"
"Alexander (132)","Audaldus (361)"
"Alexander (132)","Lucius (1919)"
"Amandus (166)","Audaldus (361)"
"Amandus (166)","Lucius (1919)"
"Audaldus (361)","Lucius (1919)"
"Amator (177)","Ludovicus (1925)"
"Amator (177)","Petrus (2443)"
"Ludovicus (1925)","Petrus (2443)"
"Amelius (188)","Amicus (189)"
"Alcha (3818)","Amon (195)"
"Alcha (3818)","Auspicius (3819)"
"Alcha (3818)","Celsinus (3820)"
"Alcha (3818)","Ursus (3821)"
"Amon (195)","Auspicius (3819)"
"Amon (195)","Celsinus (3820)"
"Amon (195)","Ursus (3821)"
"Auspicius (3819)","Celsinus (3820)"
"Auspicius (3819)","Ursus (3821)"
"Celsinus (3820)","Ursus (3821)"
"Ananias (203)","Petrus (2444)"
"Anastasius (211)","Beldinis (446)"
"Anastasius (211)","Digna (848)"
"Anastasius (211)","Felix (1136)"
"Beldinis (446)","Digna (848)"
"Beldinis (446)","Felix (1136)"
"Digna (848)","Felix (1136)"
"Andreas (233)","Benedictus (450)"
"Anicetus (251)","Photinus (2508)"
"Ansanus (257)","Maxima (2140)"
"Anstantius (3356)","Antonianus (3357)"
"Cirycus (688)","Iulitta (1739)"
"Claudinus (3420)","Praepedigna (3421)"
"Asturius (351)","Claudius (695)"
"Asturius (351)","Domnina (879)"
"Asturius (351)","Neon (2252)"
"Asturius (351)","Theonilla (3020)"
"Claudius (695)","Domnina (879)"
"Claudius (695)","Neon (2252)"
"Claudius (695)","Theonilla (3020)"
"Domnina (879)","Neon (2252)"
"Domnina (879)","Theonilla (3020)"
"Neon (2252)","Theonilla (3020)"
"Claudius (696)","Hilaria (1509)"
"Claudius (696)","Iason (1589)"
"Claudius (696)","Maurus (2128)"
"Hilaria (1509)","Iason (1589)"
"Hilaria (1509)","Maurus (2128)"
"Iason (1589)","Maurus (2128)"
"Claudius (697)","Lupercus (1937)"
"Claudius (697)","Victoricus (3184)"
"Lupercus (1937)","Victoricus (3184)"
"Castorius (641)","Claudius (698)"
"Castorius (641)","Nicostratus (2286)"
"Castorius (641)","Simplicius (2873)"
"Castorius (641)","Symphorianus (2947)"
"Claudius (698)","Nicostratus (2286)"
"Claudius (698)","Simplicius (2873)"
"Claudius (698)","Symphorianus (2947)"
"Nicostratus (2286)","Simplicius (2873)"
"Nicostratus (2286)","Symphorianus (2947)"
"Simplicius (2873)","Symphorianus (2947)"
"Conradus (727)","Stephanus (2920)"
"Cosmas (753)","Damianus (800)"
"Gavinus (3493)","Ianuarius (3495)"
"Gavinus (3493)","Protus (3494)"
"Ianuarius (3495)","Protus (3494)"
"Anthimus (273)","Lucina (1916)"
"Anthimus (273)","Pinianus (2516)"
"Anthimus (273)","Sisinnius (2882)"
"Lucina (1916)","Pinianus (2516)"
"Lucina (1916)","Sisinnius (2882)"
"Pinianus (2516)","Sisinnius (2882)"
"Antonius (291)","Iohannes (1619)"
"Antonius (291)","Merulus (2198)"
"Iohannes (1619)","Merulus (2198)"
"Apollo (303)","Crotas (768)"
"Apollo (303)","Isacius (1706)"
"Crotas (768)","Isacius (1706)"
"Aquila (3341)","Prisca (3342)"
"Arcadius (3364)","Eutychianus (3367)"
"Arcadius (3364)","Paschasius (3365)"
"Arcadius (3364)","Probus (3366)"
"Eutychianus (3367)","Paschasius (3365)"
"Eutychianus (3367)","Probus (3366)"
"Paschasius (3365)","Probus (3366)"
"Archelaa (315)","Susanna (2931)"
"Archelaa (315)","Thecla (2976)"
"Susanna (2931)","Thecla (2976)"
"Argentea (321)","Vulfuras (3231)"
"Artemius (342)","Candida (599)"
"Artemius (342)","Paulina (2389)"
"Candida (599)","Paulina (2389)"
"Aurea (372)","Censurinus (659)"
"Aurelia (3378)","Neomasia (3379)"
"Aureus (378)","Iustina (3822)"
"Barlaam (415)","Iosaphat (1686)"
"Barontus (418)","Desiderius (833)"
"Baya (437)","Maura (2110)"
"Benedictus (460)","Iohannes (1620)"
"Benignus (3390)","Carus (3391)"
"Accursius (23)","Adiutus (53)"
"Accursius (23)","Beraldus (470)"
"Accursius (23)","Otto (2339)"
"Accursius (23)","Petrus (2442)"
"Adiutus (53)","Beraldus (470)"
"Adiutus (53)","Otto (2339)"
"Adiutus (53)","Petrus (2442)"
"Beraldus (470)","Otto (2339)"
"Beraldus (470)","Petrus (2442)"
"Otto (2339)","Petrus (2442)"
"Bernica (3396)","Domnina (3763)"
"Bernica (3396)","Prosdoca (3397)"
"Domnina (3763)","Prosdoca (3397)"
"Atalenus (352)","Bertharius (497)"
"Bertholdus (501)","Menricus (2190)"
"Bibiana (515)","Dafrosa (794)"
"Bibiana (515)","Faustus (1121)"
"Bibiana (515)","Flavianus (1201)"
"Bibiana (515)","Pigmenius (2512)"
"Dafrosa (794)","Faustus (1121)"
"Dafrosa (794)","Flavianus (1201)"
"Dafrosa (794)","Pigmenius (2512)"
"Faustus (1121)","Flavianus (1201)"
"Faustus (1121)","Pigmenius (2512)"
"Flavianus (1201)","Pigmenius (2512)"
"Blasius (3398)","Demetrius (3399)"
"Bonosus (550)","Maximilianus (2147)"
"Adulfus (56)","Botulfus (551)"
"Bova (553)","Doda (862)"
"Caesarius (586)","Iulianus (1728)"
"Calepodius (589)","Callistus (592)"
"Calocerus (596)","Parthenius (2369)"
"Cantianilla (607)","Cantianus (608)"
"Cantianilla (607)","Cantius (609)"
"Cantianus (608)","Cantius (609)"
"Bassa (431)","Capellus (612)"
"Abundius (11)","Anastasius (206)"
"Abundius (11)","Briccius (3852)"
"Abundius (11)","Carpophorus (627)"
"Anastasius (206)","Briccius (3852)"
"Anastasius (206)","Carpophorus (627)"
"Briccius (3852)","Carpophorus (627)"
"Agathonice (3411)","Carpus (3409)"
"Agathonice (3411)","Pamphilus (3410)"
"Carpus (3409)","Pamphilus (3410)"
"Cassius (3413)","Victorinus (3414)"
"Cassius (637)","Castus (645)"
"Castus (646)","Secundinus (2784)"
"Centolla (662)","Helena (1464)"
"Christina (674)","Hildewardus (1531)"
"Christophorus (678)","Leovigildus (1866)"
"Chrysantus (684)","Daria (806)"
"Crescentinus (760)","Iustinus (1753)"
"Crispinianus (765)","Crispinus (766)"
"Benedicta (3432)","Crispinianus (3430)"
"Benedicta (3432)","Crispinus (3429)"
"Crispinianus (3430)","Crispinus (3429)"
"Crispinus (3431)","Gaius (3433)"
"Cyprianus (781)","Felix (1138)"
"Cyprianus (783)","Iustina (1747)"
"Cyprianus (783)","Theoctistus (2985)"
"Iustina (1747)","Theoctistus (2985)"
"Cyriacus (785)","Largus (1810)"
"Cyriacus (785)","Maximianus (2143)"
"Cyriacus (785)","Smaragdus (3828)"
"Largus (1810)","Maximianus (2143)"
"Largus (1810)","Smaragdus (3828)"
"Maximianus (2143)","Smaragdus (3828)"
"Cyriacus (786)","Paula (2387)"
"Cyrillus (791)","Methodius (2200)"
"Cyrus (793)","Iohannes (1622)"
"Angelus (239)","Daniel (804)"
"Angelus (239)","Samuel (2758)"
"Daniel (804)","Samuel (2758)"
"Decentius (816)","Germanus (1344)"
"Desiderius (838)","Reginfridus (2636)"
"Digna (849)","Eumenia (1048)"
"Digna (849)","Euprepia (1060)"
"Eumenia (1048)","Euprepia (1060)"
"Digna (850)","Merita (2195)"
"Diodoritus (3444)","Rodopianus (3445)"
"Diodorus (851)","Marianus (2053)"
"Dionysius (858)","Eleutherius (947)"
"Dionysius (858)","Rusticius (2732)"
"Eleutherius (947)","Rusticius (2732)"
"Domneo (878)","Domnio (882)"
"Donatianus (885)","Rogatianus (2688)"
"Donatianus (3448)","Praesidius (3449)"
"Donatus (888)","Hilarianus (1510)"
"Donatus (889)","Felix (1139)"
"Donatus (894)","Romulus (2708)"
"Dorothea (901)","Theophilus (3025)"
"Dympna (913)","Gerebernus (1335)"
"Antia (274)","Eleutherius (951)"
"Elfleda (954)","Merwinna (2199)"
"Almarus (147)","Emanus (965)"
"Almarus (147)","Maurilius (2118)"
"Emanus (965)","Maurilius (2118)"
"Candida (600)","Emerius (970)"
"Celedonius (655)","Emetherius (971)"
"Emila (973)","Hieremias (1505)"
"Eovaldus (983)","Sixtus (2887)"
"Astion (350)","Epictetus (987)"
"Alexander (133)","Epipodius (991)"
"Ethelbertus (1016)","Ethelredus (1021)"
"Eucharius (1027)","Maternus (2099)"
"Eucharius (1027)","Valerius (3123)"
"Maternus (2099)","Valerius (3123)"
"Eugenia (1033)","Hyacinthus (1565)"
"Eugenia (1033)","Prothus (2582)"
"Hyacinthus (1565)","Prothus (2582)"
"Dorothea (899)","Erasma (994)"
"Dorothea (899)","Euphemia (1050)"
"Dorothea (899)","Thecla (2977)"
"Erasma (994)","Euphemia (1050)"
"Erasma (994)","Thecla (2977)"
"Euphemia (1050)","Thecla (2977)"
"Euphemia (1052)","Thecla (2978)"
"Eusebius (1069)","Peregrinus (2423)"
"Eusebius (1069)","Pontianus (2536)"
"Eusebius (1069)","Vincentius (3193)"
"Peregrinus (2423)","Pontianus (2536)"
"Peregrinus (2423)","Vincentius (3193)"
"Pontianus (2536)","Vincentius (3193)"
"Eustachius (1073)","Theopiste (3026)"
"Auxentius (387)","Eustratius (1079)"
"Eutyches (1084)","Maro (2071)"
"Eutyches (1084)","Victorinus (3179)"
"Maro (2071)","Victorinus (3179)"
"Eutychius (1090)","Florentius (1211)"
"Ewaldus (1099)","Ewaldus (alius) (3839)"
"Ezo (1106)","Mathildis (2102)"
"Ezo (1106)","Richeza (2669)"
"Mathildis (2102)","Richeza (2669)"
"Facundus (1111)","Primitivus (2554)"
"Evilasius (1096)","Fausta (1117)"
"Faustinus (1120)","Iovita (1689)"
"Faustus (1122)","Ianuarius (1586)"
"Faustus (1122)","Martialis (2077)"
"Ianuarius (1586)","Martialis (2077)"
"Faustus (1123)","Pigmenius (2514)"
"Agapitus (72)","Felicissimus (1131)"
"Alexander (3840)","Felicitas (1132)"
"Felix (1150)","Fortunatus (1230)"
"Adauctus (44)","Felix (1157)"
"Felix (1162)","Regula (2638)"
"Achilleus (25)","Felix (1165)"
"Achilleus (25)","Fortunatus (1231)"
"Felix (1165)","Fortunatus (1231)"
"Felix (3472)","Hilarius (3849)"
"Castolus (3476)","Felix (3475)"
"Eusebius (3478)","Felix (3477)"
"Ferreolus (1170)","Ferrucio (1172)"
"Carpophorus (628)","Exantus (1100)"
"Carpophorus (628)","Fidelis (1177)"
"Exantus (1100)","Fidelis (1177)"
"Fidentius (3481)","Terentius (3482)"
"Caprasius (613)","Felicianus (1127)"
"Caprasius (613)","Fides (1179)"
"Caprasius (613)","Primus (2555)"
"Felicianus (1127)","Fides (1179)"
"Felicianus (1127)","Primus (2555)"
"Fides (1179)","Primus (2555)"
"Caritas (621)","Fides (1180)"
"Caritas (621)","Sophia (2896)"
"Caritas (621)","Spes (2903)"
"Fides (1180)","Sophia (2896)"
"Fides (1180)","Spes (2903)"
"Sophia (2896)","Spes (2903)"
"Firmus (1199)","Rusticus (2734)"
"Flora (1205)","Maria (2040)"
"Florentinus (1210)","Hilarius (1512)"
"Florentius (1217)","Iulianus (1729)"
"Florentius (1218)","Vindemialis (3204)"
"Anthes (272)","Fortunatus (1233)"
"Anthes (272)","Gaius (1271)"
"Fortunatus (1233)","Gaius (1271)"
"Augurius (366)","Eulogius (1046)"
"Augurius (366)","Fructuosus (1261)"
"Eulogius (1046)","Fructuosus (1261)"
"Fusca (1267)","Maura (2111)"
"Fuscianus (1268)","Gentianus (1315)"
"Fuscianus (1268)","Victoricus (3177)"
"Gentianus (1315)","Victoricus (3177)"
"Gallicanus (1278)","Iohannes (1621)"
"Gallicanus (1278)","Paulus (2397)"
"Iohannes (1621)","Paulus (2397)"
"Culmatus (772)","Gaudentius (1287)"
"Eugenius (1034)","Genesius (1309)"
"Aurelius (377)","Felix (1140)"
"Aurelius (377)","Georgius (1321)"
"Felix (1140)","Georgius (1321)"
"Cassius (638)","Florentius (1212)"
"Cassius (638)","Gereon (1338)"
"Cassius (638)","Victor (3161)"
"Florentius (1212)","Gereon (1338)"
"Florentius (1212)","Victor (3161)"
"Gereon (1338)","Victor (3161)"
"Iustinus (1756)","Virianus (3208)"
"Felix (1141)","Florentius (1213)"
"Felix (1141)","Iusta (3783)"
"Felix (1141)","Iustinus (1758)"
"Florentius (1213)","Iusta (3783)"
"Florentius (1213)","Iustinus (1758)"
"Iusta (3783)","Iustinus (1758)"
"Iustus (1762)","Pastor (2375)"
"Abundius (13)","Iustus (1763)"
"Clemens (700)","Iustus (1769)"
"Kineburga (1790)","Kineswitha (1792)"
"Kineburga (1790)","Tibba (3049)"
"Kineswitha (1792)","Tibba (3049)"
"Leo (1840)","Marinus (2062)"
"Carpophorus (629)","Leontius (1861)"
"Germanus (1349)","Iustus (1760)"
"Germanus (1349)","Paulinus (2391)"
"Germanus (1349)","Sicicius (2839)"
"Iustus (1760)","Paulinus (2391)"
"Iustus (1760)","Sicicius (2839)"
"Paulinus (2391)","Sicicius (2839)"
"Cessarius (3502)","Germanus (3500)"
"Cessarius (3502)","Theophilus (3501)"
"Cessarius (3502)","Vitalis (3503)"
"Germanus (3500)","Theophilus (3501)"
"Germanus (3500)","Vitalis (3503)"
"Theophilus (3501)","Vitalis (3503)"
"Gervasius (1362)","Protasius (2581)"
"Cerealis (665)","Getulius (1364)"
"Epimachus (988)","Gordianus (1393)"
"Dorotheus (904)","Gorgonius (1394)"
"Felicissima (1130)","Gratilianus (1402)"
"Felinus (1135)","Gratinianus (1403)"
"Gregorius (1417)","Leo (1834)"
"Gregorius (1417)","Theodorus (2998)"
"Leo (1834)","Theodorus (2998)"
"Gumesindus (1430)","Servus Dei (2817)"
"Acca (21)","Alchmundus (119)"
"Acca (21)","Eata (914)"
"Acca (21)","Fridenbertus (1248)"
"Acca (21)","Tilbertus (3055)"
"Acca (21)","Wilfridus (3279)"
"Alchmundus (119)","Eata (914)"
"Alchmundus (119)","Fridenbertus (1248)"
"Alchmundus (119)","Tilbertus (3055)"
"Alchmundus (119)","Wilfridus (3279)"
"Eata (914)","Fridenbertus (1248)"
"Eata (914)","Tilbertus (3055)"
"Eata (914)","Wilfridus (3279)"
"Fridenbertus (1248)","Tilbertus (3055)"
"Fridenbertus (1248)","Wilfridus (3279)"
"Tilbertus (3055)","Wilfridus (3279)"
"Harlindis (1454)","Renula (2648)"
"Haymo (3512)","Veremundus (3513)"
"Hedestus (1460)","Priscus (2560)"
"Heraclius (3519)","Iustus (3520)"
"Heraclius (3519)","Maurus (3521)"
"Iustus (3520)","Maurus (3521)"
"Fortunatus (1229)","Hermagoras (1494)"
"Hermylus (3524)","Stratonicus (3525)"
"Arsenius (3777)","Dioscorus (3778)"
"Arsenius (3777)","Heron (3776)"
"Arsenius (3777)","Isidorus (3779)"
"Dioscorus (3778)","Heron (3776)"
"Dioscorus (3778)","Isidorus (3779)"
"Heron (3776)","Isidorus (3779)"
"Felix (3850)","Hilarius (1514)"
"Hilarius (1517)","Quieta (2594)"
"Hildaevora (3531)","Theogenes (3533)"
"Hildaevora (3531)","Vihila (3532)"
"Theogenes (3533)","Vihila (3532)"
"Eusebius (1064)","Hippolytus (1538)"
"Guethnocus (1426)","Iacutus (1585)"
"Acutius (30)","Desiderius (832)"
"Acutius (30)","Eutyches (1085)"
"Acutius (30)","Festus (1175)"
"Acutius (30)","Ianuarius (1587)"
"Acutius (30)","Proculus (2573)"
"Acutius (30)","Sosius (2898)"
"Desiderius (832)","Eutyches (1085)"
"Desiderius (832)","Festus (1175)"
"Desiderius (832)","Ianuarius (1587)"
"Desiderius (832)","Proculus (2573)"
"Desiderius (832)","Sosius (2898)"
"Eutyches (1085)","Festus (1175)"
"Eutyches (1085)","Ianuarius (1587)"
"Eutyches (1085)","Proculus (2573)"
"Eutyches (1085)","Sosius (2898)"
"Festus (1175)","Ianuarius (1587)"
"Festus (1175)","Proculus (2573)"
"Festus (1175)","Sosius (2898)"
"Ianuarius (1587)","Proculus (2573)"
"Ianuarius (1587)","Sosius (2898)"
"Proculus (2573)","Sosius (2898)"
"Iason (3542)","Maurus (3543)"
"Ida (1596)","Odilia (2303)"
"Iohannes (1680)","Petrus (2441)"
"Irenaeus (1691)","Mustiola (2240)"
"Abundius (12)","Irenaeus (1693)"
"Isaac (1703)","Maximianus (2144)"
"Basilissa (426)","Iulianus (1731)"
"Demetrius (824)","Iulianus (1736)"
"Eunnus (3555)","Iulianus (3554)"
"Iulianus (1730)","Iulius (1742)"
"Iusta (1746)","Rufina (2719)"
"Faustina (3573)","Liberata (3572)"
"Bonifatius (536)","Liberatus (1875)"
"Libertinus (1878)","Peregrinus (2424)"
"Alodia (149)","Nunilo (2295)"
"Maximus (2153)","Olympias (2322)"
"Onesiphorus (3652)","Porphirius (3653)"
"Laurentia (1815)","Palatiates (2347)"
"Paldo (2348)","Taso (3789)"
"Paldo (2348)","Tato (3788)"
"Taso (3789)","Tato (3788)"
"Maurus (2129)","Papias (2361)"
"Mansuetus (3792)","Papinianus (3791)"
"Paragorius (3661)","Parthaeus (3659)"
"Paragorius (3661)","Parthenopaeus (3660)"
"Paragorius (3661)","Restituta (3662)"
"Parthaeus (3659)","Parthenopaeus (3660)"
"Parthaeus (3659)","Restituta (3662)"
"Parthenopaeus (3660)","Restituta (3662)"
"Pansius (2355)","Paulus (2401)"
"Acestus (24)","Longinus (1898)"
"Acestus (24)","Megistus (2173)"
"Longinus (1898)","Megistus (2173)"
"Agnofleda (87)","Lonochilius (1899)"
"Auceia (358)","Luceia (1905)"
"Geminianus (1303)","Lucia (1907)"
"Lucianus (1913)","Marcianus (2010)"
"Flora (1206)","Lucilla (1915)"
"Luglianus (1931)","Luglius (1932)"
"Eugenius (1035)","Macarius (1950)"
"Marcellinus (1999)","Petrus (2440)"
"Anastasius (207)","Marcellus (2004)"
"Apuleius (311)","Marcellus (2007)"
"Apollonius (308)","Marcianus (2013)"
"Apollonius (308)","Nicander (2260)"
"Marcianus (2013)","Nicander (2260)"
"Macarius (3591)","Marcianus (3590)"
"Macarius (3591)","Protogenes (3593)"
"Macarius (3591)","Stratoclinius (3592)"
"Marcianus (3590)","Protogenes (3593)"
"Marcianus (3590)","Stratoclinius (3592)"
"Protogenes (3593)","Stratoclinius (3592)"
"Marcellianus (1991)","Marcus (2026)"
"Lycarion (3604)","Maria (3602)"
"Lycarion (3604)","Martha (3603)"
"Maria (3602)","Martha (3603)"
"Iacobus (1574)","Marianus (2058)"
"Annianus (254)","Marinus (2063)"
"Asterius (3851)","Marinus (2064)"
"Abacuc (1)","Audifax (363)"
"Abacuc (1)","Marius (2069)"
"Abacuc (1)","Martha (2073)"
"Abacuc (1)","Valentinus (3786)"
"Audifax (363)","Marius (2069)"
"Audifax (363)","Martha (2073)"
"Audifax (363)","Valentinus (3786)"
"Marius (2069)","Martha (2073)"
"Marius (2069)","Valentinus (3786)"
"Martha (2073)","Valentinus (3786)"
"Eutyches (1086)","Maro (2072)"
"Eutyches (1086)","Victorinus (3178)"
"Maro (2072)","Victorinus (3178)"
"Brigida (561)","Maura (2113)"
"Britta (564)","Maura (2115)"
"Maurus (2135)","Pantaleemon (2357)"
"Maurus (2135)","Sergius (2806)"
"Pantaleemon (2357)","Sergius (2806)"
"Arator (3628)","Maurus (3626)"
"Arator (3628)","Salvinus (3627)"
"Maurus (3626)","Salvinus (3627)"
"Felix (3630)","Maurus (3629)"
"Donatilla (887)","Maxima (2141)"
"Donatilla (887)","Secunda (2778)"
"Maxima (2141)","Secunda (2778)"
"Anastasius (208)","Anastasius (alius) (209)"
"Anastasius (208)","Maximus (2158)"
"Anastasius (alius) (209)","Maximus (2158)"
"Maximus (2160)","Venerandus (3140)"
"Claudius (3632)","Maximus (3631)"
"Lucius (1917)","Montanus (2233)"
"Felix (1142)","Nabor (2242)"
"Celsus (658)","Nazarius (2249)"
"Lucilla (1914)","Nemesius (2251)"
"Achilleus (26)","Nereus (2256)"
"Marcianus (2011)","Nicander (2259)"
"Eutropia (1081)","Nicasius (2261)"
"Nicasius (2262)","Quirinus (2601)"
"Nicasius (2262)","Scubiculus (2773)"
"Quirinus (2601)","Scubiculus (2773)"
"Arsenius (338)","Pelagius (2420)"
"Arsenius (338)","Silvanus (2851)"
"Pelagius (2420)","Silvanus (2851)"
"Flavianus (1203)","Herculanus (1488)"
"Flavianus (1203)","Peregrinus (2425)"
"Herculanus (1488)","Peregrinus (2425)"
"Mathoratus (3668)","Peregrinus (3667)"
"Mathoratus (3668)","Viventianus (3669)"
"Peregrinus (3667)","Viventianus (3669)"
"Laurentinus (1816)","Pergentinus (2433)"
"Felicitas (1133)","Perpetua (2434)"
"Petrus (2454)","Walabonsus (3238)"
"Andreas (223)","Dionysia (853)"
"Andreas (223)","Paulus (2398)"
"Andreas (223)","Petrus (2462)"
"Dionysia (853)","Paulus (2398)"
"Dionysia (853)","Petrus (2462)"
"Paulus (2398)","Petrus (2462)"
"Phileas (2487)","Philoromus (2503)"
"Apollonius (307)","Philemon (2488)"
"Philippus (2501)","Philippus (filius) (2491)"
"Placidus (3753)","Sigebertus (3754)"
"Parmenius (2367)","Polychronius (2532)"
"Candidianus (603)","Philoromus (2502)"
"Candidianus (603)","Polyeuctus (2534)"
"Philoromus (2502)","Polyeuctus (2534)"
"Castus (3678)","Firmianus (3677)"
"Castus (3678)","Primianus (3676)"
"Firmianus (3677)","Primianus (3676)"
"Felicianus (1128)","Primus (2556)"
"Marcus (2021)","Primus (2557)"
"Cottus (755)","Priscus (2563)"
"Martinianus (3795)","Processus (2570)"
"Hyacinthus (1566)","Protus (2583)"
"Lucius (1918)","Ptolomaeus (2586)"
"Rasiphus (2631)","Ravennus (2632)"
"Felicissimus (3694)","Rogatianus (3692)"
"Rogellius (2689)","Servio-dei (2814)"
"Oliverius (3696)","Rolandus (3695)"
"Barulas (422)","Romanus (2698)"
"David (811)","Romanus (2704)"
"Rudericus (2716)","Salomon (2751)"
"Rufina (2720)","Secunda (2779)"
"Rufinus (2723)","Valerius (3124)"
"Carponius (626)","Rufus (2725)"
"Rufus (3698)","Zosimus (3699)"
"Potentianus (2547)","Sabinianus (2739)"
"Cyprianus (780)","Sabinus (2743)"
"Iudith (1718)","Salome (2748)"
"Salvius (2755)","Superius (2928)"
"Abibus (6)","Gurias (1439)"
"Abibus (6)","Samonas (2756)"
"Gurias (1439)","Samonas (2756)"
"Antoninus (278)","Sanctinus (2760)"
"Ampelius (198)","Dativus (808)"
"Ampelius (198)","Felix (1143)"
"Ampelius (198)","Saturninus (2764)"
"Dativus (808)","Felix (1143)"
"Dativus (808)","Saturninus (2764)"
"Felix (1143)","Saturninus (2764)"
"Saturninus (2765)","Sisinnius (2883)"
"Gaufridus (3845)","Hamon (3847)"
"Gaufridus (3845)","Petrus (3846)"
"Gaufridus (3845)","Vitalis (3844)"
"Gaufridus (3845)","Willelmus (3848)"
"Hamon (3847)","Petrus (3846)"
"Hamon (3847)","Vitalis (3844)"
"Hamon (3847)","Willelmus (3848)"
"Petrus (3846)","Vitalis (3844)"
"Petrus (3846)","Willelmus (3848)"
"Vitalis (3844)","Willelmus (3848)"
"Marcellianus (1992)","Secundianus (2780)"
"Marcellianus (1992)","Veranus (3145)"
"Secundianus (2780)","Veranus (3145)"
"Cassiodorus (3713)","Dominata (3714)"
"Cassiodorus (3713)","Senator (3711)"
"Cassiodorus (3713)","Viator (3712)"
"Dominata (3714)","Senator (3711)"
"Dominata (3714)","Viator (3712)"
"Senator (3711)","Viator (3712)"
"Asterius (3797)","Malchus (1978)"
"Asterius (3797)","Marinus (2061)"
"Asterius (3797)","Priscus (2561)"
"Asterius (3797)","Serapion (2798)"
"Malchus (1978)","Marinus (2061)"
"Malchus (1978)","Priscus (2561)"
"Malchus (1978)","Serapion (2798)"
"Marinus (2061)","Priscus (2561)"
"Marinus (2061)","Serapion (2798)"
"Priscus (2561)","Serapion (2798)"
"Serenedus (2802)","Serenicus (2803)"
"Bacchus (395)","Sergius (2809)"
"Germanus (1345)","Servandus (2810)"
"Severinus (2822)","Victorinus (3180)"
"Exsuperius (1101)","Felicianus (1129)"
"Exsuperius (1101)","Severinus (2823)"
"Felicianus (1129)","Severinus (2823)"
"Iudas (1716)","Simon (2860)"
"Constantius (736)","Simplicius (2876)"
"Constantius (736)","Victorianus (3176)"
"Simplicius (2876)","Victorianus (3176)"
"Beatrix (438)","Faustinus (1119)"
"Beatrix (438)","Simplicius (2877)"
"Faustinus (1119)","Simplicius (2877)"
"Alexander (131)","Martyrius (2095)"
"Alexander (131)","Sisinnius (2885)"
"Martyrius (2095)","Sisinnius (2885)"
"Sinicius (2879)","Sixtus (2891)"
"Sosthenes (3718)","Victor (3719)"
"Eleusippus (946)","Meleusippus (2180)"
"Eleusippus (946)","Speusippus (2904)"
"Meleusippus (2180)","Speusippus (2904)"
"Benedictus (449)","Stephanus (2915)"
"Servilianus (2813)","Sulpitius (2925)"
"Olympius (2323)","Symphronius (2949)"
"Andronicus (234)","Probus (2567)"
"Andronicus (234)","Tarachus (2956)"
"Probus (2567)","Tarachus (2956)"
"Teuteria (2973)","Tusca (3083)"
"Didymus (846)","Theodora (2996)"
"Theonas (3018)","Theopemptus (3021)"
"Callinicus (591)","Leucius (1869)"
"Callinicus (591)","Thyrsus (3047)"
"Leucius (1869)","Thyrsus (3047)"
"Bonifatius (537)","Thyrsus (3048)"
"Florentia (1209)","Modestus (2221)"
"Florentia (1209)","Tiberius (3050)"
"Modestus (2221)","Tiberius (3050)"
"Chromatius (682)","Tiburtius (3052)"
"Apollinaris (298)","Timotheus (3058)"
"Maura (2112)","Timotheus (3060)"
"Caecilius (581)","Ctesiphon (769)"
"Caecilius (581)","Euphrasius (1054)"
"Caecilius (581)","Hesychius (1504)"
"Caecilius (581)","Indaletius (1603)"
"Caecilius (581)","Secundus (2785)"
"Caecilius (581)","Torquatus (3065)"
"Ctesiphon (769)","Euphrasius (1054)"
"Ctesiphon (769)","Hesychius (1504)"
"Ctesiphon (769)","Indaletius (1603)"
"Ctesiphon (769)","Secundus (2785)"
"Ctesiphon (769)","Torquatus (3065)"
"Euphrasius (1054)","Hesychius (1504)"
"Euphrasius (1054)","Indaletius (1603)"
"Euphrasius (1054)","Secundus (2785)"
"Euphrasius (1054)","Torquatus (3065)"
"Hesychius (1504)","Indaletius (1603)"
"Hesychius (1504)","Secundus (2785)"
"Hesychius (1504)","Torquatus (3065)"
"Indaletius (1603)","Secundus (2785)"
"Indaletius (1603)","Torquatus (3065)"
"Secundus (2785)","Torquatus (3065)"
"Pontianus (3731)","Praetextatus (3732)"
"Pontianus (3731)","Traso (3730)"
"Praetextatus (3732)","Traso (3730)"
"Eucarpio (1026)","Trophimus (3075)"
"Respicius (2651)","Tryphon (3078)"
"Silvanus (2852)","Tyrannio (3087)"
"Leobatius (1851)","Ursus (3107)"
"Damianus (801)","Valentinus (3115)"
"Hilarius (1513)","Valentinus (3116)"
"Maximus (2154)","Tiburtius (3051)"
"Maximus (2154)","Valerianus (3120)"
"Tiburtius (3051)","Valerianus (3120)"
"Valerianus (3119)","Valerius (3125)"
"Iulia (1720)","Maxima (2142)"
"Iulia (1720)","Verissimus (3152)"
"Maxima (2142)","Verissimus (3152)"
"Corona (751)","Victor (3803)"
"Corona (752)","Victor (3170)"
"Ursus (3104)","Victor (3171)"
"Corona (3802)","Victor (3743)"
"Margarita (2027)","Vincentia (3191)"
"Christeta (670)","Sabina (2736)"
"Christeta (670)","Vincentius (3194)"
"Sabina (2736)","Vincentius (3194)"
"Laetus (1797)","Vincentius (3196)"
"Orontius (2330)","Vincentius (3200)"
"Benignus (463)","Vincentius (3202)"
"Ventila (3144)","Vintila (3205)"
"Agricola (90)","Vitalis (3213)"
"Valeria (3118)","Vitalis (3216)"
"Crescentia (758)","Modestus (2220)"
"Crescentia (758)","Vitus (3220)"
"Modestus (2220)","Vitus (3220)"
"Felix (1144)","Votus (3226)"
"Ruffinus (2718)","Vulfadus (3805)"
"Radfridus (2611)","Walfridus (3248)"
"Peregrinus (2422)","Willelmus (3289)"
"Ianuarius (1588)","Winizo (3304)"
"Benedictus (3842)","Ceolfridus (3843)"
"Benedictus (3842)","Girvenses (1374)"
"Benedictus (3842)","Wiremuthenses (3307)"
"Ceolfridus (3843)","Girvenses (1374)"
"Ceolfridus (3843)","Wiremuthenses (3307)"
"Girvenses (1374)","Wiremuthenses (3307)"
"Iustina (1748)","Zeno (3321)"
